StoreID,LocalityType,ProductMix,PromoCont,PromoContStartWeek,PromoContStartYear,PromoContInterval,CompetitionDistance,CompetitionMonth,CompetitionYear
1,type3,Essentials,0,,,,1270,9,2008
2,type1,Essentials,1,13,2010,"Jan,Apr,Jul,Oct",570,11,2007
3,type1,Essentials,1,14,2011,"Jan,Apr,Jul,Oct",14130,12,2006
4,type3,LargeVariety,0,,,,620,9,2009
5,type1,Essentials,0,,,,29910,4,2015
6,type1,Essentials,0,,,,310,12,2013
7,type1,LargeVariety,0,,,,24000,4,2013
8,type1,Essentials,0,,,,7520,10,2014
9,type1,LargeVariety,0,,,,2030,8,2000
10,type1,Essentials,0,,,,3160,9,2009
11,type1,LargeVariety,1,1,2012,"Jan,Apr,Jul,Oct",960,11,2011
12,type1,LargeVariety,1,13,2010,"Jan,Apr,Jul,Oct",1070,,
13,type4,Essentials,1,45,2009,"Feb,May,Aug,Nov",310,,
14,type1,Essentials,1,40,2011,"Jan,Apr,Jul,Oct",1300,3,2014
15,type4,LargeVariety,1,14,2011,"Jan,Apr,Jul,Oct",4110,3,2010
16,type1,LargeVariety,0,,,,3270,,
17,type1,Essentials,1,26,2010,"Jan,Apr,Jul,Oct",50,12,2005
18,type4,LargeVariety,1,14,2012,"Jan,Apr,Jul,Oct",13840,6,2010
19,type1,LargeVariety,1,22,2011,"Mar,Jun,Sept,Dec",3240,,
20,type4,Essentials,1,40,2014,"Jan,Apr,Jul,Oct",2340,5,2009
21,type3,LargeVariety,1,45,2009,"Jan,Apr,Jul,Oct",550,10,1999
22,type1,Essentials,1,22,2012,"Jan,Apr,Jul,Oct",1040,,
23,type4,Essentials,0,,,,4060,8,2005
24,type1,LargeVariety,1,40,2011,"Jan,Apr,Jul,Oct",4590,3,2000
25,type3,Essentials,0,,,,430,4,2003
26,type4,Essentials,0,,,,2300,,
27,type1,Essentials,1,5,2011,"Jan,Apr,Jul,Oct",60,1,2005
28,type1,Essentials,1,6,2015,"Mar,Jun,Sept,Dec",1200,10,2014
29,type4,LargeVariety,0,,,,2170,,
30,type1,Essentials,1,10,2014,"Mar,Jun,Sept,Dec",40,2,2014
31,type4,LargeVariety,0,,,,9800,7,2012
32,type1,Essentials,1,45,2009,"Feb,May,Aug,Nov",2910,,
33,type1,LargeVariety,0,,,,1320,5,2013
34,type3,Essentials,0,,,,2240,9,2009
35,type4,LargeVariety,1,1,2012,"Jan,Apr,Jul,Oct",7660,10,2000
36,type1,LargeVariety,1,40,2014,"Jan,Apr,Jul,Oct",540,6,2003
37,type3,Essentials,0,,,,4230,12,2014
38,type4,Essentials,0,,,,1090,4,2007
39,type1,Essentials,1,31,2013,"Feb,May,Aug,Nov",260,10,2006
40,type1,Essentials,1,45,2009,"Feb,May,Aug,Nov",180,,
41,type4,LargeVariety,1,31,2013,"Jan,Apr,Jul,Oct",1180,,
42,type1,LargeVariety,1,40,2011,"Jan,Apr,Jul,Oct",290,,
43,type4,Essentials,1,37,2009,"Jan,Apr,Jul,Oct",4880,,
44,type1,Essentials,0,,,,540,6,2011
45,type4,Essentials,0,,,,9710,2,2014
46,type3,Essentials,1,14,2011,"Jan,Apr,Jul,Oct",1200,9,2005
47,type1,LargeVariety,1,14,2013,"Jan,Apr,Jul,Oct",270,4,2013
48,type1,Essentials,0,,,,1060,5,2012
49,type4,LargeVariety,0,,,,18010,9,2007
50,type4,Essentials,0,,,,6260,11,2009
51,type1,LargeVariety,1,9,2011,"Jan,Apr,Jul,Oct",10570,7,2013
52,type4,LargeVariety,1,39,2010,"Jan,Apr,Jul,Oct",450,4,2014
53,type1,LargeVariety,0,,,,30360,9,2013
54,type4,LargeVariety,1,5,2013,"Feb,May,Aug,Nov",7170,8,2014
55,type1,Essentials,0,,,,720,11,2004
56,type4,LargeVariety,1,10,2014,"Mar,Jun,Sept,Dec",6620,3,2012
57,type4,LargeVariety,0,,,,420,6,2014
58,type1,LargeVariety,1,27,2012,"Jan,Apr,Jul,Oct",7340,5,2008
59,type1,LargeVariety,1,14,2011,"Jan,Apr,Jul,Oct",2840,6,2007
60,type4,LargeVariety,0,,,,5540,10,2009
61,type1,LargeVariety,1,1,2012,"Jan,Apr,Jul,Oct",350,12,2007
62,type1,Essentials,0,,,,2050,,
63,type3,LargeVariety,1,18,2010,"Feb,May,Aug,Nov",3700,6,2010
64,type4,LargeVariety,1,14,2013,"Jan,Apr,Jul,Oct",22560,,
65,type1,LargeVariety,1,1,2012,"Jan,Apr,Jul,Oct",13840,5,2010
66,type4,Essentials,1,37,2009,"Jan,Apr,Jul,Oct",7660,,
67,type1,LargeVariety,0,,,,410,2,2006
68,type1,LargeVariety,1,35,2012,"Mar,Jun,Sept,Dec",250,,
69,type3,LargeVariety,1,40,2011,"Jan,Apr,Jul,Oct",1130,,
70,type3,LargeVariety,0,,,,4840,,
71,type1,Essentials,1,37,2009,"Mar,Jun,Sept,Dec",17500,8,2008
72,type1,Essentials,1,13,2010,"Jan,Apr,Jul,Oct",2200,12,2009
73,type1,LargeVariety,0,,,,1650,9,2008
74,type1,Essentials,0,,,,330,,
75,type4,LargeVariety,0,,,,22440,12,2013
76,type4,LargeVariety,0,,,,19960,3,2006
77,type4,LargeVariety,1,10,2014,"Jan,Apr,Jul,Oct",1090,8,2009
78,type1,Essentials,1,5,2013,"Feb,May,Aug,Nov",3510,11,2006
79,type1,Essentials,0,,,,3320,,
80,type4,Essentials,0,,,,7910,,
81,type1,Essentials,1,40,2014,"Jan,Apr,Jul,Oct",2370,3,2011
82,type1,Essentials,1,37,2009,"Jan,Apr,Jul,Oct",22390,4,2008
83,type1,Essentials,0,,,,2710,,
84,type1,LargeVariety,0,,,,11810,8,2014
85,type2,Essentials,0,,,,1870,10,2011
86,type1,Essentials,1,31,2013,"Jan,Apr,Jul,Oct",480,2,2005
87,type1,Essentials,0,,,,560,12,2010
88,type1,Essentials,0,,,,10690,10,2005
89,type1,Essentials,1,40,2014,"Jan,Apr,Jul,Oct",2380,7,2004
90,type1,Essentials,0,,,,330,11,2007
91,type3,Essentials,1,35,2011,"Jan,Apr,Jul,Oct",2410,,
92,type3,Essentials,1,45,2009,"Feb,May,Aug,Nov",240,,
93,type1,Essentials,1,14,2011,"Jan,Apr,Jul,Oct",16690,,
94,type4,LargeVariety,0,,,,14620,,
95,type1,Essentials,0,,,,1890,10,2014
96,type1,Essentials,1,37,2009,"Jan,Apr,Jul,Oct",8780,2,2005
97,type4,LargeVariety,0,,,,8980,,
98,type4,LargeVariety,1,1,2012,"Jan,Apr,Jul,Oct",15140,12,2006
99,type3,LargeVariety,1,22,2012,"Mar,Jun,Sept,Dec",2030,11,2003
100,type4,Essentials,0,,,,17930,,
101,type4,LargeVariety,1,22,2012,"Mar,Jun,Sept,Dec",2440,,
102,type1,Essentials,1,10,2014,"Mar,Jun,Sept,Dec",150,12,2007
103,type4,LargeVariety,0,,,,5210,5,2015
104,type1,Essentials,0,,,,390,6,2009
105,type1,LargeVariety,1,23,2013,"Mar,Jun,Sept,Dec",6190,,
106,type1,Essentials,0,,,,1390,8,2013
107,type1,Essentials,0,,,,1930,9,2009
108,type4,LargeVariety,0,,,,2190,9,2003
109,type1,LargeVariety,0,,,,3300,11,2010
110,type1,LargeVariety,0,,,,46590,4,2013
111,type4,LargeVariety,1,37,2009,"Jan,Apr,Jul,Oct",7890,,
112,type1,Essentials,0,,,,1630,9,2009
113,type4,LargeVariety,0,,,,20930,11,1999
114,type3,Essentials,1,48,2011,"Mar,Jun,Sept,Dec",4510,,
115,type4,LargeVariety,1,40,2014,"Jan,Apr,Jul,Oct",5740,4,2007
116,type1,Essentials,0,,,,680,4,2013
117,type1,Essentials,0,,,,3450,9,2011
118,type4,LargeVariety,0,,,,3580,9,2012
119,type1,LargeVariety,0,,,,2100,2,2010
120,type4,Essentials,1,37,2009,"Jan,Apr,Jul,Oct",2290,12,2014
121,type1,Essentials,1,36,2013,"Mar,Jun,Sept,Dec",3570,11,2009
122,type1,LargeVariety,0,,,,58260,4,2013
123,type1,Essentials,0,,,,16760,9,2011
124,type1,Essentials,0,,,,1410,4,2003
125,type1,Essentials,0,,,,760,12,2005
126,type4,Essentials,1,18,2011,"Feb,May,Aug,Nov",3370,10,2014
127,type4,Essentials,1,13,2010,"Jan,Apr,Jul,Oct",1350,12,2005
128,type4,LargeVariety,1,1,2013,"Jan,Apr,Jul,Oct",2000,,
129,type1,Essentials,1,14,2011,"Jan,Apr,Jul,Oct",2460,,
130,type3,Essentials,1,13,2010,"Jan,Apr,Jul,Oct",900,,
131,type3,Essentials,0,,,,920,7,2015
132,type4,LargeVariety,1,27,2012,"Jan,Apr,Jul,Oct",1040,,
133,type1,Essentials,1,10,2014,"Mar,Jun,Sept,Dec",270,8,2013
134,type1,Essentials,0,,,,1200,9,2008
135,type4,Essentials,1,1,2013,"Jan,Apr,Jul,Oct",5190,,
136,type1,LargeVariety,1,22,2012,"Feb,May,Aug,Nov",2200,12,2010
137,type1,Essentials,1,40,2014,"Jan,Apr,Jul,Oct",1730,7,2015
138,type1,LargeVariety,0,,,,25360,10,2014
139,type1,Essentials,1,14,2011,"Jan,Apr,Jul,Oct",1700,1,2008
140,type1,LargeVariety,1,1,2013,"Jan,Apr,Jul,Oct",1090,7,2010
141,type3,LargeVariety,1,22,2012,"Mar,Jun,Sept,Dec",1540,,
142,type1,Essentials,0,,,,1090,7,2002
143,type4,Essentials,0,,,,2930,12,2002
144,type1,LargeVariety,0,,,,16570,,
145,type1,Essentials,1,45,2009,"Feb,May,Aug,Nov",280,,
146,type4,LargeVariety,1,48,2012,"Jan,Apr,Jul,Oct",8050,10,1961
147,type4,LargeVariety,0,,,,8540,,
148,type1,Essentials,0,,,,2090,12,2008
149,type4,Essentials,1,14,2011,"Jan,Apr,Jul,Oct",2610,7,2006
150,type3,LargeVariety,0,,,,31830,3,2010
151,type4,LargeVariety,0,,,,4360,10,2005
152,type1,Essentials,0,,,,1780,,
153,type1,Essentials,1,18,2011,"Feb,May,Aug,Nov",16240,10,2000
154,type4,LargeVariety,0,,,,16420,,
155,type4,Essentials,1,35,2010,"Jan,Apr,Jul,Oct",3050,,
156,type1,Essentials,1,14,2011,"Mar,Jun,Sept,Dec",2020,2,2011
157,type1,LargeVariety,0,,,,2950,10,2004
158,type4,LargeVariety,1,31,2009,"Feb,May,Aug,Nov",11840,,
159,type4,Essentials,0,,,,8530,3,2013
160,type4,LargeVariety,0,,,,17110,11,2005
161,type1,LargeVariety,0,,,,2970,3,2005
162,type4,LargeVariety,1,13,2010,"Jan,Apr,Jul,Oct",5340,3,2012
163,type1,Essentials,0,,,,1480,4,2009
164,type1,Essentials,1,13,2010,"Jan,Apr,Jul,Oct",1160,9,2005
165,type1,Essentials,1,13,2010,"Jan,Apr,Jul,Oct",3720,4,2005
166,type1,LargeVariety,1,31,2013,"Jan,Apr,Jul,Oct",100,4,2014
167,type1,Essentials,0,,,,140,4,2008
168,type1,Essentials,0,,,,12540,,
169,type4,Essentials,1,18,2014,"Feb,May,Aug,Nov",980,7,2014
170,type1,Essentials,1,14,2011,"Jan,Apr,Jul,Oct",1070,5,2015
171,type1,Essentials,0,,,,2640,,
172,type1,Essentials,1,40,2014,"Jan,Apr,Jul,Oct",110,,
173,type1,Essentials,0,,,,350,12,2012
174,type1,Essentials,1,22,2012,"Jan,Apr,Jul,Oct",13090,,
175,type3,Essentials,0,,,,4130,,
176,type1,Essentials,0,,,,3770,,
177,type1,Essentials,1,5,2013,"Feb,May,Aug,Nov",1250,2,2004
178,type4,Essentials,0,,,,1710,,
179,type1,LargeVariety,0,,,,480,,
180,type4,Essentials,0,,,,5800,9,2010
181,type1,Essentials,1,14,2011,"Jan,Apr,Jul,Oct",12610,3,2013
182,type4,LargeVariety,1,9,2011,"Mar,Jun,Sept,Dec",1390,,
183,type1,Essentials,0,,,,9670,,
184,type4,LargeVariety,0,,,,3560,,
185,type4,LargeVariety,0,,,,1860,5,2015
186,type1,Essentials,1,40,2014,"Jan,Apr,Jul,Oct",290,10,2011
187,type1,LargeVariety,0,,,,19360,,
188,type4,Essentials,1,18,2011,"Feb,May,Aug,Nov",850,,
189,type4,Essentials,0,,,,5760,7,2014
190,type1,Essentials,1,40,2014,"Jan,Apr,Jul,Oct",1470,12,2006
191,type1,Essentials,1,40,2014,"Jan,Apr,Jul,Oct",1100,8,2013
192,type4,LargeVariety,1,40,2014,"Jan,Apr,Jul,Oct",2770,3,2008
193,type1,Essentials,0,,,,520,,
194,type4,LargeVariety,1,5,2013,"Feb,May,Aug,Nov",16970,,
195,type1,LargeVariety,0,,,,220,,
196,type3,Essentials,1,14,2011,"Jan,Apr,Jul,Oct",3850,11,2005
197,type3,Essentials,0,,,,4210,3,2015
198,type1,Essentials,1,13,2010,"Jan,Apr,Jul,Oct",290,9,2002
199,type4,LargeVariety,1,14,2012,"Mar,Jun,Sept,Dec",6360,12,2010
200,type1,Essentials,0,,,,1650,10,2000
201,type4,Essentials,1,18,2014,"Mar,Jun,Sept,Dec",20260,,
202,type4,LargeVariety,0,,,,5140,5,2010
203,type3,LargeVariety,0,,,,490,11,2002
204,type1,Essentials,1,40,2014,"Jan,Apr,Jul,Oct",5630,12,2002
205,type1,Essentials,0,,,,110,12,2007
206,type1,LargeVariety,1,14,2012,"Jan,Apr,Jul,Oct",380,,
207,type1,Essentials,0,,,,6870,,
208,type3,Essentials,0,,,,300,4,2006
209,type1,LargeVariety,1,31,2013,"Jan,Apr,Jul,Oct",11680,9,2011
210,type4,Essentials,1,5,2013,"Feb,May,Aug,Nov",970,11,1999
211,type1,LargeVariety,0,,,,350,11,2006
212,type1,LargeVariety,0,,,,15050,9,2008
213,type4,LargeVariety,1,1,2014,"Jan,Apr,Jul,Oct",4030,3,2014
214,type4,Essentials,1,10,2014,"Jan,Apr,Jul,Oct",8650,7,2013
215,type4,Essentials,1,45,2009,"Feb,May,Aug,Nov",150,,
216,type3,Essentials,1,45,2009,"Feb,May,Aug,Nov",190,,
217,type3,Essentials,0,,,,3150,,
218,type1,LargeVariety,1,9,2011,"Mar,Jun,Sept,Dec",640,,
219,type1,Essentials,0,,,,1640,2,2013
220,type1,Essentials,0,,,,1000,9,2008
221,type4,LargeVariety,0,,,,13530,9,2013
222,type1,Essentials,0,,,,2170,11,2008
223,type4,LargeVariety,1,27,2011,"Jan,Apr,Jul,Oct",2920,10,1995
224,type4,LargeVariety,1,1,2013,"Jan,Apr,Jul,Oct",7930,,
225,type4,Essentials,0,,,,10180,5,2015
226,type1,Essentials,0,,,,450,,
227,type1,Essentials,0,,,,2370,,
228,type4,LargeVariety,1,18,2011,"Feb,May,Aug,Nov",10800,,
229,type4,LargeVariety,1,14,2011,"Jan,Apr,Jul,Oct",17410,4,2007
230,type4,LargeVariety,0,,,,6680,9,2013
231,type4,LargeVariety,1,39,2010,"Feb,May,Aug,Nov",3840,10,2008
232,type3,LargeVariety,1,10,2013,"Mar,Jun,Sept,Dec",13570,5,2010
233,type1,Essentials,0,,,,1890,,
234,type4,Essentials,0,,,,4370,,
235,type1,Essentials,1,37,2009,"Jan,Apr,Jul,Oct",5710,3,2012
236,type1,Essentials,0,,,,1000,11,2007
237,type1,Essentials,0,,,,1420,11,2007
238,type1,Essentials,1,45,2009,"Feb,May,Aug,Nov",320,,
239,type4,LargeVariety,0,,,,610,,
240,type1,Essentials,0,,,,1110,5,2009
241,type4,LargeVariety,0,,,,780,,
242,type4,Essentials,1,14,2011,"Jan,Apr,Jul,Oct",6880,9,2001
243,type1,Essentials,1,5,2013,"Feb,May,Aug,Nov",310,,
244,type4,Essentials,1,1,2012,"Jan,Apr,Jul,Oct",710,3,2012
245,type1,LargeVariety,0,,,,1310,,
246,type3,Essentials,0,,,,4660,4,2013
247,type4,LargeVariety,1,5,2013,"Feb,May,Aug,Nov",70,11,2010
248,type1,LargeVariety,1,40,2012,"Jan,Apr,Jul,Oct",340,9,2012
249,type4,LargeVariety,0,,,,18010,9,2014
250,type4,Essentials,1,18,2012,"Feb,May,Aug,Nov",3520,,
251,type1,LargeVariety,0,,,,340,,
252,type4,LargeVariety,1,5,2010,"Feb,May,Aug,Nov",22330,,
253,type1,LargeVariety,1,5,2013,"Feb,May,Aug,Nov",250,,
254,type4,Essentials,1,1,2012,"Mar,Jun,Sept,Dec",330,3,2008
255,type3,LargeVariety,1,35,2011,"Feb,May,Aug,Nov",4630,3,2011
256,type1,LargeVariety,1,10,2014,"Mar,Jun,Sept,Dec",80,9,2005
257,type1,Essentials,0,,,,420,12,2012
258,type1,Essentials,1,37,2009,"Jan,Apr,Jul,Oct",27190,7,2010
259,type2,EssentialsPlus,0,,,,210,,
260,type1,Essentials,0,,,,540,10,2011
261,type4,LargeVariety,1,39,2009,"Jan,Apr,Jul,Oct",15340,4,2015
262,type2,Essentials,0,,,,1180,5,2013
263,type1,LargeVariety,1,40,2014,"Jan,Apr,Jul,Oct",1140,5,2013
264,type1,Essentials,0,,,,180,3,2014
265,type1,Essentials,1,14,2015,"Jan,Apr,Jul,Oct",4580,,
266,type1,LargeVariety,1,9,2011,"Mar,Jun,Sept,Dec",360,3,2014
267,type3,Essentials,0,,,,2460,1,2012
268,type1,Essentials,0,,,,4520,2,2014
269,type1,LargeVariety,0,,,,60,6,2015
270,type1,Essentials,0,,,,1450,7,2014
271,type1,Essentials,1,14,2011,"Jan,Apr,Jul,Oct",420,,
272,type1,Essentials,1,14,2011,"Jan,Apr,Jul,Oct",16180,7,2003
273,type1,LargeVariety,0,,,,8480,,
274,type2,EssentialsPlus,1,10,2013,"Jan,Apr,Jul,Oct",3640,,
275,type4,Essentials,1,40,2014,"Jan,Apr,Jul,Oct",300,5,2014
276,type1,Essentials,1,36,2013,"Mar,Jun,Sept,Dec",2960,10,2014
277,type4,LargeVariety,1,31,2009,"Feb,May,Aug,Nov",7840,,
278,type1,LargeVariety,0,,,,9260,2,2010
279,type4,LargeVariety,1,40,2012,"Jan,Apr,Jul,Oct",2320,,
280,type4,LargeVariety,1,10,2014,"Mar,Jun,Sept,Dec",18640,9,2013
281,type4,LargeVariety,0,,,,6970,9,2011
282,type1,Essentials,0,,,,1220,12,2010
283,type1,Essentials,1,40,2014,"Jan,Apr,Jul,Oct",2260,,
284,type4,Essentials,1,40,2014,"Jan,Apr,Jul,Oct",1290,,
285,type1,Essentials,0,,,,2410,,
286,type1,Essentials,0,,,,1460,4,2015
287,type3,Essentials,1,40,2014,"Jan,Apr,Jul,Oct",2740,5,2009
288,type4,Essentials,1,14,2011,"Mar,Jun,Sept,Dec",800,,
289,type4,Essentials,0,,,,6540,12,2007
290,type1,Essentials,0,,,,4150,5,2001
291,type4,Essentials,0,,,,,,
292,type1,Essentials,0,,,,1100,6,2009
293,type3,LargeVariety,0,,,,140,11,2007
294,type1,Essentials,0,,,,3150,5,2005
295,type1,Essentials,1,36,2013,"Mar,Jun,Sept,Dec",210,11,2000
296,type1,Essentials,1,45,2014,"Feb,May,Aug,Nov",9580,5,2007
297,type1,Essentials,0,,,,2300,9,2010
298,type4,Essentials,0,,,,19840,7,2009
299,type4,LargeVariety,0,,,,38630,9,2012
300,type1,LargeVariety,1,1,2012,"Jan,Apr,Jul,Oct",120,4,2009
301,type1,LargeVariety,0,,,,4510,3,2015
302,type4,LargeVariety,1,9,2011,"Mar,Jun,Sept,Dec",2190,12,2007
303,type1,Essentials,1,18,2011,"Feb,May,Aug,Nov",15430,11,2012
304,type1,Essentials,0,,,,1950,7,2015
305,type3,LargeVariety,1,31,2013,"Mar,Jun,Sept,Dec",2470,2,2005
306,type1,Essentials,1,40,2014,"Jan,Apr,Jul,Oct",5100,4,2007
307,type1,Essentials,0,,,,18660,9,2002
308,type1,Essentials,1,13,2010,"Jan,Apr,Jul,Oct",1070,12,2006
309,type4,Essentials,1,37,2009,"Feb,May,Aug,Nov",8740,,
310,type1,LargeVariety,1,10,2014,"Mar,Jun,Sept,Dec",2290,,
311,type1,LargeVariety,0,,,,680,7,2005
312,type4,Essentials,0,,,,11300,3,2012
313,type4,LargeVariety,0,,,,14160,,
314,type1,Essentials,1,31,2013,"Feb,May,Aug,Nov",3560,10,2001
315,type1,LargeVariety,0,,,,38710,4,2013
316,type4,Essentials,0,,,,9000,8,2001
317,type4,Essentials,1,14,2011,"Jan,Apr,Jul,Oct",3140,7,2013
318,type4,LargeVariety,0,,,,32330,3,2014
319,type1,LargeVariety,1,27,2012,"Mar,Jun,Sept,Dec",570,9,2012
320,type1,LargeVariety,0,,,,210,9,2012
321,type3,LargeVariety,1,10,2014,"Mar,Jun,Sept,Dec",8140,11,2013
322,type1,Essentials,1,37,2009,"Jan,Apr,Jul,Oct",17500,4,2001
323,type4,LargeVariety,1,5,2013,"Feb,May,Aug,Nov",8400,4,2012
324,type1,Essentials,1,14,2011,"Jan,Apr,Jul,Oct",13140,,
325,type1,LargeVariety,1,22,2011,"Feb,May,Aug,Nov",350,3,2011
326,type4,Essentials,1,31,2013,"Feb,May,Aug,Nov",10070,5,2015
327,type3,LargeVariety,0,,,,1390,12,2004
328,type1,Essentials,0,,,,3130,7,2002
329,type1,Essentials,1,22,2012,"Mar,Jun,Sept,Dec",1310,6,1990
330,type1,LargeVariety,1,22,2012,"Mar,Jun,Sept,Dec",370,,
331,type1,LargeVariety,1,14,2015,"Jan,Apr,Jul,Oct",670,,
332,type1,Essentials,0,,,,1840,3,2006
333,type1,LargeVariety,0,,,,3720,2,2010
334,type4,LargeVariety,1,18,2013,"Mar,Jun,Sept,Dec",4040,8,2008
335,type2,Essentials,1,31,2013,"Jan,Apr,Jul,Oct",90,,
336,type1,Essentials,0,,,,190,7,2014
337,type4,LargeVariety,1,45,2014,"Feb,May,Aug,Nov",10600,7,2005
338,type1,LargeVariety,1,37,2009,"Jan,Apr,Jul,Oct",1590,,
339,type1,LargeVariety,1,10,2013,"Mar,Jun,Sept,Dec",2280,,
340,type1,LargeVariety,0,,,,8080,,
341,type1,Essentials,0,,,,190,9,2011
342,type4,LargeVariety,1,40,2014,"Jan,Apr,Jul,Oct",15770,,
343,type4,Essentials,1,14,2014,"Jan,Apr,Jul,Oct",18650,4,2004
344,type1,LargeVariety,1,14,2011,"Jan,Apr,Jul,Oct",300,4,2011
345,type1,Essentials,1,22,2012,"Jan,Apr,Jul,Oct",120,,
346,type1,LargeVariety,0,,,,8090,,
347,type4,LargeVariety,1,22,2012,"Mar,Jun,Sept,Dec",9360,7,2013
348,type1,Essentials,1,22,2012,"Jan,Apr,Jul,Oct",16490,,
349,type3,LargeVariety,0,,,,1490,4,2009
350,type4,Essentials,1,14,2011,"Jan,Apr,Jul,Oct",8880,,
351,type1,Essentials,1,5,2013,"Feb,May,Aug,Nov",5290,11,2012
352,type4,LargeVariety,1,40,2012,"Mar,Jun,Sept,Dec",6360,,
353,type2,EssentialsPlus,1,14,2013,"Feb,May,Aug,Nov",900,,
354,type4,LargeVariety,0,,,,1500,10,2005
355,type1,LargeVariety,0,,,,9720,8,2013
356,type4,LargeVariety,1,22,2012,"Feb,May,Aug,Nov",8970,12,2007
357,type1,Essentials,0,,,,2060,10,2008
358,type1,Essentials,0,,,,2890,10,2003
359,type4,LargeVariety,0,,,,4370,,
360,type1,Essentials,0,,,,2040,6,2007
361,type3,LargeVariety,1,5,2013,"Feb,May,Aug,Nov",4490,5,2014
362,type3,LargeVariety,0,,,,340,,
363,type1,Essentials,0,,,,250,9,2009
364,type1,LargeVariety,1,10,2014,"Mar,Jun,Sept,Dec",13620,,
365,type3,Essentials,1,45,2009,"Feb,May,Aug,Nov",2410,,
366,type4,LargeVariety,0,,,,6470,12,2004
367,type4,LargeVariety,0,,,,2640,9,2012
368,type4,LargeVariety,1,45,2009,"Feb,May,Aug,Nov",1450,4,2005
369,type4,LargeVariety,0,,,,5870,4,2014
370,type4,Essentials,1,31,2009,"Jan,Apr,Jul,Oct",8250,10,2000
371,type4,LargeVariety,1,45,2014,"Feb,May,Aug,Nov",1970,7,2009
372,type4,LargeVariety,1,18,2014,"Jan,Apr,Jul,Oct",4880,8,2010
373,type4,LargeVariety,1,22,2012,"Jan,Apr,Jul,Oct",11120,,
374,type1,Essentials,0,,,,1150,9,2007
375,type1,LargeVariety,1,37,2009,"Jan,Apr,Jul,Oct",15710,2,2013
376,type1,Essentials,0,,,,160,8,2012
377,type1,LargeVariety,1,18,2010,"Feb,May,Aug,Nov",100,6,2010
378,type1,LargeVariety,0,,,,2140,8,2012
379,type4,Essentials,0,,,,6630,,
380,type1,Essentials,1,10,2014,"Mar,Jun,Sept,Dec",2240,5,2013
381,type1,Essentials,1,5,2013,"Feb,May,Aug,Nov",1800,11,2006
382,type3,LargeVariety,0,,,,26130,11,2002
383,type1,LargeVariety,0,,,,350,,
384,type1,LargeVariety,1,14,2011,"Jan,Apr,Jul,Oct",130,,
385,type4,Essentials,0,,,,4580,9,2007
386,type4,LargeVariety,1,31,2013,"Jan,Apr,Jul,Oct",1460,4,2014
387,type3,Essentials,1,36,2013,"Mar,Jun,Sept,Dec",210,,
388,type1,Essentials,0,,,,2260,,
389,type1,LargeVariety,0,,,,6690,8,2011
390,type1,LargeVariety,0,,,,1600,4,2009
391,type1,Essentials,1,31,2013,"Feb,May,Aug,Nov",460,11,2014
392,type1,Essentials,0,,,,2120,,
393,type4,LargeVariety,0,,,,4820,3,2008
394,type4,Essentials,0,,,,10850,,
395,type1,Essentials,0,,,,3620,2,2013
396,type1,LargeVariety,0,,,,23130,,
397,type1,LargeVariety,1,27,2013,"Feb,May,Aug,Nov",130,,
398,type3,LargeVariety,1,1,2012,"Jan,Apr,Jul,Oct",1540,,
399,type1,Essentials,1,40,2011,"Jan,Apr,Jul,Oct",5360,9,2012
400,type1,Essentials,1,14,2011,"Jan,Apr,Jul,Oct",70,11,2004
401,type1,LargeVariety,1,14,2012,"Jan,Apr,Jul,Oct",9200,10,2009
402,type3,LargeVariety,1,13,2010,"Jan,Apr,Jul,Oct",5830,9,2011
403,type1,Essentials,0,,,,4970,7,2015
404,type1,LargeVariety,1,10,2013,"Mar,Jun,Sept,Dec",1420,,
405,type1,Essentials,1,14,2011,"Jan,Apr,Jul,Oct",1080,4,2008
406,type4,LargeVariety,1,10,2013,"Feb,May,Aug,Nov",8240,3,2001
407,type1,Essentials,1,14,2011,"Feb,May,Aug,Nov",5890,10,2003
408,type3,Essentials,1,45,2009,"Feb,May,Aug,Nov",1560,,
409,type4,LargeVariety,1,1,2013,"Jan,Apr,Jul,Oct",840,,
410,type3,Essentials,1,22,2012,"Mar,Jun,Sept,Dec",40,11,2011
411,type4,LargeVariety,0,,,,8460,,
412,type4,LargeVariety,1,39,2010,"Jan,Apr,Jul,Oct",4460,,
413,type1,LargeVariety,0,,,,760,9,2014
414,type4,LargeVariety,1,1,2013,"Jan,Apr,Jul,Oct",6210,,
415,type4,LargeVariety,0,,,,6910,4,2005
416,type1,LargeVariety,0,,,,4650,6,2014
417,type1,LargeVariety,1,10,2014,"Jan,Apr,Jul,Oct",840,,
418,type1,Essentials,1,27,2011,"Feb,May,Aug,Nov",1060,5,2009
419,type3,Essentials,0,,,,1620,9,2009
420,type4,LargeVariety,1,27,2012,"Jan,Apr,Jul,Oct",250,,
421,type3,LargeVariety,1,35,2012,"Mar,Jun,Sept,Dec",3530,6,2012
422,type1,LargeVariety,0,,,,2880,,
423,type2,Essentials,0,,,,1270,5,2014
424,type4,LargeVariety,1,40,2011,"Jan,Apr,Jul,Oct",1250,,
425,type4,LargeVariety,0,,,,1460,,
426,type1,Essentials,0,,,,250,,
427,type1,LargeVariety,1,13,2010,"Jan,Apr,Jul,Oct",70,7,2005
428,type4,Essentials,1,23,2015,"Mar,Jun,Sept,Dec",2960,12,2014
429,type4,LargeVariety,1,31,2013,"Jan,Apr,Jul,Oct",16350,7,2005
430,type4,LargeVariety,0,,,,12870,10,2008
431,type4,LargeVariety,0,,,,4520,,
432,type1,Essentials,0,,,,810,5,2013
433,type1,LargeVariety,0,,,,30030,11,2010
434,type1,Essentials,1,40,2014,"Jan,Apr,Jul,Oct",13020,8,2003
435,type1,Essentials,0,,,,910,,
436,type4,Essentials,0,,,,2300,,
437,type3,LargeVariety,1,50,2010,"Jan,Apr,Jul,Oct",430,,
438,type4,LargeVariety,1,40,2012,"Jan,Apr,Jul,Oct",1110,,
439,type1,Essentials,0,,,,1350,9,2009
440,type4,Essentials,1,45,2009,"Feb,May,Aug,Nov",3900,4,2005
441,type4,Essentials,0,,,,2530,,
442,type3,Essentials,1,45,2009,"Feb,May,Aug,Nov",500,,
443,type4,Essentials,0,,,,11400,12,2005
444,type3,Essentials,0,,,,1700,11,2009
445,type1,Essentials,0,,,,240,,
446,type1,Essentials,1,31,2013,"Feb,May,Aug,Nov",340,10,2000
447,type1,LargeVariety,0,,,,1510,9,2013
448,type1,LargeVariety,0,,,,3970,9,2009
449,type1,LargeVariety,1,37,2009,"Jan,Apr,Jul,Oct",120,12,2014
450,type3,Essentials,1,10,2014,"Mar,Jun,Sept,Dec",5780,11,1994
451,type1,Essentials,1,13,2010,"Jan,Apr,Jul,Oct",2460,4,2009
452,type1,LargeVariety,1,5,2011,"Feb,May,Aug,Nov",1850,8,2013
453,type1,LargeVariety,0,,,,75860,,
454,type1,Essentials,0,,,,26450,,
455,type4,LargeVariety,0,,,,7660,9,2010
456,type1,LargeVariety,0,,,,140,,
457,type4,LargeVariety,1,31,2013,"Jan,Apr,Jul,Oct",13140,,
458,type3,Essentials,0,,,,3390,,
459,type1,Essentials,1,5,2013,"Feb,May,Aug,Nov",250,9,2008
460,type1,Essentials,0,,,,34050,4,2008
461,type4,LargeVariety,1,40,2013,"Jan,Apr,Jul,Oct",1790,7,2013
462,type1,Essentials,0,,,,44320,8,2008
463,type1,Essentials,0,,,,4160,,
464,type3,Essentials,0,,,,520,3,2009
465,type4,LargeVariety,0,,,,10890,4,2005
466,type1,LargeVariety,0,,,,3110,3,2003
467,type1,LargeVariety,0,,,,20390,4,2008
468,type3,LargeVariety,0,,,,5260,9,2012
469,type3,LargeVariety,0,,,,710,9,2005
470,type1,LargeVariety,0,,,,50,,
471,type4,Essentials,1,45,2009,"Feb,May,Aug,Nov",5300,,
472,type3,LargeVariety,0,,,,5030,8,2011
473,type1,Essentials,0,,,,50,,
474,type3,Essentials,1,14,2011,"Mar,Jun,Sept,Dec",14810,,
475,type1,Essentials,0,,,,140,9,2005
476,type4,Essentials,0,,,,8300,9,2006
477,type4,Essentials,1,35,2010,"Jan,Apr,Jul,Oct",770,7,2010
478,type4,LargeVariety,0,,,,1940,3,2012
479,type1,Essentials,1,9,2011,"Feb,May,Aug,Nov",320,12,2005
480,type1,Essentials,0,,,,300,11,2012
481,type3,LargeVariety,1,44,2012,"Feb,May,Aug,Nov",7470,,
482,type3,Essentials,0,,,,2550,10,2005
483,type1,LargeVariety,1,13,2010,"Jan,Apr,Jul,Oct",2310,9,2011
484,type1,LargeVariety,0,,,,14300,3,2011
485,type4,LargeVariety,1,22,2012,"Jan,Apr,Jul,Oct",3270,,
486,type1,Essentials,1,31,2013,"Jan,Apr,Jul,Oct",2320,,
487,type4,LargeVariety,1,40,2012,"Jan,Apr,Jul,Oct",2180,9,2012
488,type1,LargeVariety,0,,,,2890,4,2014
489,type1,Essentials,1,37,2009,"Jan,Apr,Jul,Oct",14960,11,2013
490,type1,Essentials,1,40,2014,"Jan,Apr,Jul,Oct",660,4,2013
491,type4,LargeVariety,1,22,2012,"Mar,Jun,Sept,Dec",4680,,
492,type1,Essentials,1,40,2012,"Jan,Apr,Jul,Oct",1740,3,2008
493,type4,LargeVariety,1,14,2011,"Jan,Apr,Jul,Oct",1150,,
494,type2,Essentials,0,,,,1260,6,2011
495,type4,Essentials,1,37,2009,"Jan,Apr,Jul,Oct",5470,,
496,type4,LargeVariety,0,,,,2780,6,2015
497,type1,LargeVariety,0,,,,1610,,
498,type1,Essentials,1,40,2014,"Jan,Apr,Jul,Oct",990,,
499,type3,LargeVariety,1,5,2013,"Feb,May,Aug,Nov",450,,
500,type4,LargeVariety,1,5,2013,"Jan,Apr,Jul,Oct",10690,9,2007
501,type1,LargeVariety,0,,,,1620,9,2006
502,type1,Essentials,1,37,2009,"Jan,Apr,Jul,Oct",220,2,2002
503,type4,LargeVariety,1,14,2011,"Jan,Apr,Jul,Oct",13080,9,2006
504,type3,LargeVariety,0,,,,820,,
505,type1,Essentials,1,5,2013,"Feb,May,Aug,Nov",350,,
506,type1,Essentials,1,18,2011,"Feb,May,Aug,Nov",1850,12,2014
507,type1,LargeVariety,1,37,2009,"Jan,Apr,Jul,Oct",9070,4,2011
508,type1,LargeVariety,1,40,2011,"Jan,Apr,Jul,Oct",1280,,
509,type1,Essentials,1,37,2009,"Jan,Apr,Jul,Oct",4740,7,2008
510,type1,LargeVariety,0,,,,8260,,
511,type1,Essentials,0,,,,2060,9,2009
512,type2,EssentialsPlus,1,5,2013,"Mar,Jun,Sept,Dec",590,,
513,type1,Essentials,0,,,,400,8,2013
514,type3,LargeVariety,1,27,2012,"Jan,Apr,Jul,Oct",1200,7,2012
515,type4,LargeVariety,1,9,2011,"Feb,May,Aug,Nov",11260,,
516,type1,LargeVariety,1,35,2010,"Mar,Jun,Sept,Dec",20,,
517,type1,LargeVariety,0,,,,22490,,
518,type4,LargeVariety,1,13,2010,"Jan,Apr,Jul,Oct",3330,3,2015
519,type3,LargeVariety,1,1,2012,"Jan,Apr,Jul,Oct",2510,8,2009
520,type1,LargeVariety,1,40,2012,"Mar,Jun,Sept,Dec",6900,,
521,type4,Essentials,1,48,2011,"Mar,Jun,Sept,Dec",18610,11,2002
522,type4,LargeVariety,1,9,2011,"Jan,Apr,Jul,Oct",7160,11,2012
523,type3,LargeVariety,0,,,,50,11,2013
524,type1,LargeVariety,0,,,,40860,9,2013
525,type4,LargeVariety,0,,,,1870,9,2013
526,type1,Essentials,1,48,2011,"Mar,Jun,Sept,Dec",120,,
527,type4,LargeVariety,0,,,,5830,4,2008
528,type1,LargeVariety,1,37,2009,"Jan,Apr,Jul,Oct",20620,,
529,type4,LargeVariety,0,,,,12920,9,2012
530,type1,LargeVariety,0,,,,18160,,
531,type1,LargeVariety,0,,,,4030,,
532,type1,LargeVariety,0,,,,1070,8,2010
533,type1,LargeVariety,0,,,,5950,,
534,type4,Essentials,1,45,2009,"Jan,Apr,Jul,Oct",1200,9,2009
535,type1,Essentials,0,,,,3570,4,2007
536,type1,LargeVariety,1,31,2013,"Feb,May,Aug,Nov",4700,9,2002
537,type1,Essentials,1,1,2012,"Jan,Apr,Jul,Oct",600,5,2002
538,type1,Essentials,0,,,,990,2,2010
539,type1,Essentials,1,40,2014,"Jan,Apr,Jul,Oct",770,5,2013
540,type4,LargeVariety,1,48,2012,"Jan,Apr,Jul,Oct",810,,
541,type1,LargeVariety,0,,,,650,7,1990
542,type1,Essentials,1,1,2013,"Jan,Apr,Jul,Oct",7280,9,2012
543,type3,Essentials,0,,,,1080,12,2012
544,type1,Essentials,1,13,2010,"Jan,Apr,Jul,Oct",250,12,2001
545,type1,LargeVariety,1,18,2014,"Feb,May,Aug,Nov",5020,5,2006
546,type1,Essentials,0,,,,580,1,2005
547,type4,LargeVariety,1,35,2010,"Mar,Jun,Sept,Dec",8990,11,2009
548,type4,LargeVariety,0,,,,3760,2,2009
549,type1,LargeVariety,0,,,,2330,,
550,type4,LargeVariety,0,,,,50,6,2015
551,type1,LargeVariety,0,,,,2190,9,2013
552,type1,Essentials,1,37,2009,"Jan,Apr,Jul,Oct",4260,7,2008
553,type3,Essentials,1,13,2010,"Jan,Apr,Jul,Oct",3040,9,2002
554,type3,LargeVariety,0,,,,1200,,
555,type4,Essentials,1,10,2013,"Mar,Jun,Sept,Dec",1560,1,2014
556,type4,LargeVariety,0,,,,1140,11,2014
557,type1,Essentials,0,,,,250,,
558,type1,Essentials,0,,,,3000,2,2010
559,type4,Essentials,1,5,2013,"Feb,May,Aug,Nov",3910,11,2006
560,type3,LargeVariety,0,,,,1910,7,2013
561,type4,Essentials,0,,,,14300,,
562,type2,LargeVariety,0,,,,1210,,
563,type1,Essentials,1,10,2014,"Jan,Apr,Jul,Oct",700,3,2015
564,type4,LargeVariety,1,14,2013,"Jan,Apr,Jul,Oct",6540,,
565,type1,LargeVariety,0,,,,160,7,2007
566,type1,Essentials,1,40,2013,"Jan,Apr,Jul,Oct",3620,,
567,type3,Essentials,1,18,2011,"Feb,May,Aug,Nov",1010,9,2012
568,type4,LargeVariety,1,1,2013,"Jan,Apr,Jul,Oct",4270,,
569,type1,Essentials,0,,,,1340,9,2006
570,type1,Essentials,0,,,,180,11,2006
571,type4,Essentials,1,40,2014,"Jan,Apr,Jul,Oct",2110,11,1995
572,type4,LargeVariety,1,37,2009,"Jan,Apr,Jul,Oct",9230,4,2004
573,type1,Essentials,1,36,2013,"Jan,Apr,Jul,Oct",1190,11,2012
574,type4,Essentials,0,,,,4400,,
575,type1,Essentials,1,13,2010,"Jan,Apr,Jul,Oct",960,5,2008
576,type3,Essentials,0,,,,50,11,2006
577,type1,LargeVariety,1,35,2012,"Mar,Jun,Sept,Dec",2270,,
578,type4,Essentials,0,,,,12700,4,2013
579,type3,Essentials,0,,,,20970,11,2012
580,type1,LargeVariety,0,,,,170,2,2009
581,type1,Essentials,0,,,,7250,12,2013
582,type1,Essentials,0,,,,120,,
583,type1,Essentials,0,,,,2640,11,2002
584,type4,Essentials,1,35,2010,"Mar,Jun,Sept,Dec",1360,,
585,type4,LargeVariety,0,,,,440,4,2014
586,type1,LargeVariety,0,,,,250,10,2008
587,type4,LargeVariety,1,14,2011,"Jan,Apr,Jul,Oct",330,9,2006
588,type4,LargeVariety,0,,,,15720,3,2010
589,type1,LargeVariety,1,18,2013,"Feb,May,Aug,Nov",360,,
590,type4,LargeVariety,1,31,2013,"Jan,Apr,Jul,Oct",4520,9,2010
591,type1,LargeVariety,1,22,2012,"Mar,Jun,Sept,Dec",3340,,
592,type1,Essentials,0,,,,2540,6,2005
593,type1,LargeVariety,0,,,,33060,3,2010
594,type1,Essentials,0,,,,1790,10,2011
595,type3,LargeVariety,0,,,,1130,6,2015
596,type3,Essentials,0,,,,290,9,2006
597,type1,Essentials,1,1,2012,"Mar,Jun,Sept,Dec",150,9,2008
598,type3,Essentials,1,40,2014,"Jan,Apr,Jul,Oct",550,12,2013
599,type4,LargeVariety,0,,,,580,11,2014
600,type4,LargeVariety,1,9,2011,"Feb,May,Aug,Nov",17340,6,2010
601,type4,Essentials,1,14,2011,"Jan,Apr,Jul,Oct",8220,4,2014
602,type1,Essentials,1,22,2012,"Mar,Jun,Sept,Dec",2710,7,2001
603,type1,Essentials,1,13,2010,"Jan,Apr,Jul,Oct",340,4,2007
604,type4,Essentials,0,,,,10950,3,2014
605,type4,Essentials,1,37,2009,"Jan,Apr,Jul,Oct",10310,4,2003
606,type1,Essentials,0,,,,2260,11,2007
607,type1,Essentials,1,14,2011,"Jan,Apr,Jul,Oct",350,8,1999
608,type1,LargeVariety,1,14,2011,"Jan,Apr,Jul,Oct",18370,2,2013
609,type1,Essentials,0,,,,2070,9,2007
610,type1,Essentials,0,,,,660,1,2007
611,type1,Essentials,1,40,2014,"Jan,Apr,Jul,Oct",8080,12,2002
612,type4,LargeVariety,1,31,2009,"Jan,Apr,Jul,Oct",2490,11,2012
613,type3,Essentials,1,14,2011,"Jan,Apr,Jul,Oct",250,6,2007
614,type1,Essentials,0,,,,1160,12,2012
615,type4,Essentials,0,,,,730,8,2007
616,type1,LargeVariety,1,35,2010,"Mar,Jun,Sept,Dec",3040,8,2011
617,type1,LargeVariety,1,9,2011,"Jan,Apr,Jul,Oct",8940,,
618,type4,LargeVariety,0,,,,9910,,
619,type1,Essentials,1,45,2009,"Feb,May,Aug,Nov",1600,6,2006
620,type4,LargeVariety,1,40,2014,"Jan,Apr,Jul,Oct",5440,,
621,type1,Essentials,0,,,,30,7,2002
622,type1,LargeVariety,0,,,,,,
623,type1,Essentials,1,13,2010,"Jan,Apr,Jul,Oct",4080,3,2011
624,type1,LargeVariety,0,,,,6920,9,2011
625,type1,Essentials,1,22,2012,"Feb,May,Aug,Nov",1170,4,2011
626,type3,LargeVariety,0,,,,10740,11,2013
627,type3,LargeVariety,0,,,,3970,3,2010
628,type1,LargeVariety,0,,,,2180,,
629,type4,Essentials,1,23,2015,"Mar,Jun,Sept,Dec",510,7,2014
630,type1,Essentials,0,,,,1690,4,2015
631,type4,LargeVariety,1,35,2012,"Mar,Jun,Sept,Dec",2870,,
632,type1,Essentials,0,,,,3350,2,2010
633,type4,Essentials,1,22,2011,"Jan,Apr,Jul,Oct",11640,4,2005
634,type4,Essentials,0,,,,18610,,
635,type1,Essentials,0,,,,27530,4,2014
636,type3,Essentials,1,13,2010,"Jan,Apr,Jul,Oct",720,10,2004
637,type4,LargeVariety,1,31,2009,"Feb,May,Aug,Nov",9790,,
638,type4,Essentials,0,,,,10170,11,2001
639,type1,Essentials,0,,,,7780,11,2006
640,type4,LargeVariety,0,,,,8040,,
641,type1,LargeVariety,1,36,2013,"Mar,Jun,Sept,Dec",610,12,2003
642,type3,LargeVariety,1,35,2010,"Mar,Jun,Sept,Dec",530,4,2005
643,type1,Essentials,1,18,2010,"Feb,May,Aug,Nov",230,6,2010
644,type3,Essentials,1,14,2011,"Jan,Apr,Jul,Oct",4030,12,2004
645,type1,Essentials,1,45,2009,"Feb,May,Aug,Nov",90,,
646,type1,Essentials,0,,,,620,9,2014
647,type1,LargeVariety,0,,,,7420,4,2013
648,type4,Essentials,0,,,,2130,12,2008
649,type1,Essentials,0,,,,14570,11,2002
650,type1,Essentials,1,40,2014,"Jan,Apr,Jul,Oct",1420,10,2012
651,type1,Essentials,0,,,,200,,
652,type1,Essentials,0,,,,20390,,
653,type4,LargeVariety,1,45,2009,"Feb,May,Aug,Nov",7520,7,2014
654,type3,Essentials,0,,,,6930,9,2006
655,type4,LargeVariety,1,5,2013,"Feb,May,Aug,Nov",960,11,2012
656,type4,Essentials,1,13,2010,"Jan,Apr,Jul,Oct",410,4,2009
657,type3,LargeVariety,1,10,2014,"Jan,Apr,Jul,Oct",80,1,2006
658,type4,LargeVariety,1,37,2009,"Jan,Apr,Jul,Oct",520,,
659,type4,Essentials,0,,,,1590,3,2012
660,type1,Essentials,1,40,2014,"Jan,Apr,Jul,Oct",1200,11,2006
661,type4,LargeVariety,0,,,,2140,7,2013
662,type4,Essentials,0,,,,1070,,
663,type1,LargeVariety,0,,,,7860,5,2005
664,type4,LargeVariety,0,,,,1680,10,2005
665,type1,Essentials,1,14,2011,"Jan,Apr,Jul,Oct",90,12,2012
666,type3,LargeVariety,1,9,2011,"Mar,Jun,Sept,Dec",2700,,
667,type4,LargeVariety,0,,,,2870,9,2012
668,type3,Essentials,0,,,,1270,9,2010
669,type4,Essentials,1,31,2013,"Jan,Apr,Jul,Oct",17080,7,2012
670,type1,Essentials,1,45,2009,"Feb,May,Aug,Nov",2060,,
671,type1,LargeVariety,1,39,2010,"Jan,Apr,Jul,Oct",2070,2,2008
672,type3,Essentials,0,,,,240,9,2002
673,type4,LargeVariety,1,5,2013,"Feb,May,Aug,Nov",15170,,
674,type1,Essentials,1,31,2013,"Feb,May,Aug,Nov",2640,12,2005
675,type1,Essentials,1,14,2011,"Jan,Apr,Jul,Oct",2100,8,2013
676,type2,EssentialsPlus,0,,,,1410,9,2008
677,type4,Essentials,1,45,2009,"Feb,May,Aug,Nov",1740,6,2014
678,type3,Essentials,1,40,2011,"Jan,Apr,Jul,Oct",3250,,
679,type1,Essentials,0,,,,4140,9,2012
680,type3,Essentials,1,35,2012,"Mar,Jun,Sept,Dec",170,,
681,type1,LargeVariety,1,1,2014,"Mar,Jun,Sept,Dec",620,,
682,type2,Essentials,0,,,,150,9,2006
683,type1,Essentials,0,,,,2850,7,2014
684,type4,LargeVariety,1,22,2012,"Jan,Apr,Jul,Oct",680,,
685,type1,Essentials,1,37,2009,"Jan,Apr,Jul,Oct",650,11,2013
686,type1,Essentials,0,,,,20050,4,2002
687,type4,LargeVariety,0,,,,2770,,
688,type1,Essentials,1,14,2011,"Jan,Apr,Jul,Oct",18760,8,2015
689,type4,Essentials,0,,,,15040,10,2004
690,type1,Essentials,0,,,,100,,
691,type4,LargeVariety,1,37,2009,"Jan,Apr,Jul,Oct",3030,,
692,type1,Essentials,0,,,,40,8,2001
693,type4,Essentials,1,40,2011,"Jan,Apr,Jul,Oct",450,,
694,type1,LargeVariety,1,40,2014,"Jan,Apr,Jul,Oct",460,11,2012
695,type1,Essentials,1,1,2012,"Jan,Apr,Jul,Oct",550,7,2011
696,type1,LargeVariety,0,,,,430,,
697,type4,Essentials,1,40,2011,"Jan,Apr,Jul,Oct",3780,,
698,type1,Essentials,0,,,,1790,5,2011
699,type1,Essentials,1,5,2013,"Jan,Apr,Jul,Oct",180,,
700,type1,LargeVariety,1,27,2013,"Jan,Apr,Jul,Oct",830,,
701,type4,Essentials,1,14,2011,"Jan,Apr,Jul,Oct",1450,3,2012
702,type1,Essentials,1,45,2009,"Feb,May,Aug,Nov",8550,9,2001
703,type1,Essentials,0,,,,80,6,2005
704,type4,LargeVariety,0,,,,1910,4,2009
705,type1,Essentials,1,18,2011,"Feb,May,Aug,Nov",4140,9,2012
706,type4,Essentials,1,10,2014,"Mar,Jun,Sept,Dec",7830,9,2014
707,type1,LargeVariety,0,,,,2900,7,1990
708,type3,LargeVariety,1,18,2014,"Jan,Apr,Jul,Oct",11470,10,2009
709,type1,Essentials,0,,,,500,12,2010
710,type4,Essentials,1,14,2011,"Jan,Apr,Jul,Oct",1500,9,2008
711,type4,Essentials,1,5,2010,"Jan,Apr,Jul,Oct",17110,3,2007
712,type1,Essentials,1,45,2009,"Jan,Apr,Jul,Oct",4870,9,2007
713,type1,LargeVariety,1,10,2014,"Jan,Apr,Jul,Oct",220,,
714,type4,LargeVariety,1,10,2013,"Jan,Apr,Jul,Oct",12070,10,2005
715,type1,Essentials,0,,,,14810,6,2014
716,type4,Essentials,1,22,2011,"Jan,Apr,Jul,Oct",3200,1,2008
717,type4,LargeVariety,1,40,2011,"Jan,Apr,Jul,Oct",310,,
718,type1,Essentials,0,,,,1100,6,2015
719,type3,LargeVariety,1,45,2009,"Feb,May,Aug,Nov",8190,,
720,type1,LargeVariety,1,14,2013,"Feb,May,Aug,Nov",15320,3,2011
721,type1,LargeVariety,1,22,2012,"Mar,Jun,Sept,Dec",3590,9,2012
722,type1,Essentials,0,,,,50,,
723,type4,LargeVariety,1,5,2013,"Feb,May,Aug,Nov",5650,9,2008
724,type4,LargeVariety,0,,,,5900,,
725,type4,LargeVariety,0,,,,17540,6,2012
726,type1,LargeVariety,0,,,,40540,2,2002
727,type1,Essentials,0,,,,2050,3,2007
728,type4,Essentials,1,14,2011,"Jan,Apr,Jul,Oct",13990,,
729,type3,LargeVariety,0,,,,8980,6,2011
730,type3,Essentials,0,,,,1190,9,2013
731,type1,Essentials,1,10,2014,"Jan,Apr,Jul,Oct",15270,,
732,type1,LargeVariety,0,,,,35280,,
733,type2,EssentialsPlus,0,,,,860,10,1999
734,type1,Essentials,1,36,2013,"Mar,Jun,Sept,Dec",220,,
735,type4,LargeVariety,0,,,,1920,4,2005
736,type3,LargeVariety,1,14,2011,"Jan,Apr,Jul,Oct",1650,,
737,type1,Essentials,1,31,2013,"Jan,Apr,Jul,Oct",100,5,2007
738,type4,LargeVariety,0,,,,5980,10,2005
739,type4,LargeVariety,1,22,2011,"Jan,Apr,Jul,Oct",2770,6,2008
740,type4,Essentials,0,,,,6400,3,2014
741,type4,LargeVariety,0,,,,11900,,
742,type4,LargeVariety,0,,,,4380,,
743,type1,Essentials,1,14,2012,"Jan,Apr,Jul,Oct",6710,11,2003
744,type1,Essentials,1,40,2014,"Jan,Apr,Jul,Oct",1370,12,2011
745,type1,Essentials,1,37,2009,"Jan,Apr,Jul,Oct",17650,11,2013
746,type4,LargeVariety,1,35,2011,"Mar,Jun,Sept,Dec",4330,2,2011
747,type3,LargeVariety,0,,,,45740,8,2008
748,type4,Essentials,1,14,2011,"Jan,Apr,Jul,Oct",2380,3,2010
749,type1,Essentials,1,14,2015,"Jan,Apr,Jul,Oct",3410,8,2011
750,type4,Essentials,1,14,2011,"Jan,Apr,Jul,Oct",8670,2,2002
751,type1,Essentials,0,,,,650,10,2006
752,type1,Essentials,1,31,2013,"Feb,May,Aug,Nov",970,3,2013
753,type4,LargeVariety,1,35,2010,"Mar,Jun,Sept,Dec",540,11,2012
754,type3,LargeVariety,1,10,2014,"Mar,Jun,Sept,Dec",380,5,2008
755,type4,LargeVariety,0,,,,13130,12,2003
756,type1,LargeVariety,1,40,2011,"Jan,Apr,Jul,Oct",50,,
757,type1,LargeVariety,0,,,,3450,,
758,type1,LargeVariety,0,,,,19780,6,2008
759,type1,Essentials,1,31,2013,"Feb,May,Aug,Nov",110,11,2012
760,type1,Essentials,0,,,,560,1,2011
761,type1,Essentials,0,,,,2390,9,2012
762,type4,LargeVariety,1,10,2013,"Mar,Jun,Sept,Dec",1280,,
763,type4,LargeVariety,0,,,,32240,3,2010
764,type1,LargeVariety,1,10,2014,"Mar,Jun,Sept,Dec",26490,,
765,type1,LargeVariety,1,37,2009,"Jan,Apr,Jul,Oct",25430,5,1999
766,type4,LargeVariety,0,,,,9820,,
767,type1,LargeVariety,0,,,,13080,,
768,type1,LargeVariety,0,,,,2630,9,2012
769,type2,EssentialsPlus,1,48,2012,"Jan,Apr,Jul,Oct",840,,
770,type1,LargeVariety,0,,,,100,4,2015
771,type1,Essentials,0,,,,20640,9,2007
772,type4,LargeVariety,0,,,,1850,,
773,type1,Essentials,0,,,,200,,
774,type1,LargeVariety,0,,,,640,9,2013
775,type4,LargeVariety,1,22,2011,"Jan,Apr,Jul,Oct",6970,12,2005
776,type3,Essentials,1,14,2011,"Jan,Apr,Jul,Oct",700,4,2009
777,type4,LargeVariety,1,10,2013,"Mar,Jun,Sept,Dec",8250,10,2004
778,type1,Essentials,1,40,2014,"Jan,Apr,Jul,Oct",340,6,2003
779,type1,Essentials,0,,,,16990,4,2004
780,type1,Essentials,0,,,,18160,,
781,type1,Essentials,0,,,,630,4,2007
782,type3,LargeVariety,1,1,2012,"Jan,Apr,Jul,Oct",5390,8,2003
783,type4,LargeVariety,0,,,,15490,,
784,type1,Essentials,1,10,2014,"Jan,Apr,Jul,Oct",560,10,2014
785,type4,LargeVariety,1,31,2013,"Feb,May,Aug,Nov",970,7,2005
786,type1,Essentials,1,5,2013,"Feb,May,Aug,Nov",290,11,2006
787,type3,LargeVariety,0,,,,3210,6,2009
788,type1,LargeVariety,0,,,,1530,3,2013
789,type1,LargeVariety,0,,,,9770,7,2003
790,type4,LargeVariety,0,,,,9070,12,2003
791,type1,Essentials,0,,,,5950,4,2007
792,type4,Essentials,1,18,2011,"Feb,May,Aug,Nov",17280,10,2009
793,type4,Essentials,0,,,,2710,7,2006
794,type3,LargeVariety,0,,,,5090,9,2006
795,type4,Essentials,1,35,2010,"Mar,Jun,Sept,Dec",510,,
796,type1,LargeVariety,0,,,,7180,11,2012
797,type1,Essentials,1,40,2014,"Jan,Apr,Jul,Oct",2090,10,2012
798,type1,Essentials,0,,,,9560,4,2001
799,type1,LargeVariety,0,,,,2700,,
800,type4,Essentials,0,,,,2020,7,2014
801,type4,Essentials,0,,,,48330,4,2013
802,type1,LargeVariety,1,22,2011,"Feb,May,Aug,Nov",910,,
803,type4,Essentials,1,10,2014,"Mar,Jun,Sept,Dec",1760,,
804,type3,LargeVariety,1,1,2013,"Jan,Apr,Jul,Oct",2100,,
805,type4,Essentials,1,10,2014,"Mar,Jun,Sept,Dec",24770,10,2011
806,type4,Essentials,1,44,2010,"Feb,May,Aug,Nov",260,,
807,type1,Essentials,0,,,,3870,4,2008
808,type1,Essentials,1,31,2009,"Feb,May,Aug,Nov",18620,,
809,type1,Essentials,0,,,,12770,10,2000
810,type4,LargeVariety,0,,,,9640,11,2013
811,type1,Essentials,0,,,,410,9,2012
812,type4,Essentials,0,,,,2590,9,2012
813,type1,Essentials,0,,,,1560,9,2003
814,type4,LargeVariety,0,,,,24530,7,2013
815,type1,Essentials,1,40,2014,"Jan,Apr,Jul,Oct",590,1,1900
816,type3,LargeVariety,0,,,,460,,
817,type1,Essentials,0,,,,140,3,2006
818,type4,Essentials,1,35,2010,"Mar,Jun,Sept,Dec",490,,
819,type1,LargeVariety,0,,,,720,10,2014
820,type1,LargeVariety,1,40,2014,"Jan,Apr,Jul,Oct",1650,,
821,type1,Essentials,0,,,,1700,9,2009
822,type1,LargeVariety,1,48,2010,"Mar,Jun,Sept,Dec",410,11,2010
823,type1,LargeVariety,0,,,,16210,11,2010
824,type1,Essentials,0,,,,17570,,
825,type1,Essentials,1,40,2014,"Jan,Apr,Jul,Oct",380,5,2011
826,type1,LargeVariety,0,,,,7980,6,2005
827,type1,LargeVariety,0,,,,250,1,2005
828,type4,LargeVariety,0,,,,3290,12,2014
829,type3,Essentials,0,,,,110,,
830,type1,LargeVariety,1,5,2011,"Jan,Apr,Jul,Oct",6320,,
831,type1,Essentials,0,,,,800,6,2007
832,type4,Essentials,1,45,2009,"Feb,May,Aug,Nov",5070,,
833,type4,LargeVariety,1,35,2010,"Mar,Jun,Sept,Dec",3290,12,1999
834,type1,Essentials,0,,,,3470,3,2012
835,type1,Essentials,1,10,2014,"Mar,Jun,Sept,Dec",2890,12,2007
836,type1,Essentials,0,,,,2720,9,2012
837,type1,LargeVariety,0,,,,14600,4,2015
838,type4,LargeVariety,1,48,2011,"Mar,Jun,Sept,Dec",6890,,
839,type3,Essentials,0,,,,240,1,2015
840,type1,Essentials,0,,,,1070,9,2009
841,type1,Essentials,0,,,,27650,8,2004
842,type4,LargeVariety,0,,,,1200,11,2007
843,type3,Essentials,0,,,,60,4,2006
844,type1,Essentials,1,18,2011,"Feb,May,Aug,Nov",2030,9,2012
845,type4,Essentials,1,14,2011,"Jan,Apr,Jul,Oct",7860,11,2005
846,type1,LargeVariety,1,37,2009,"Jan,Apr,Jul,Oct",8860,4,2004
847,type3,LargeVariety,1,31,2013,"Feb,May,Aug,Nov",190,,
848,type1,LargeVariety,1,14,2011,"Jan,Apr,Jul,Oct",370,7,2007
849,type3,LargeVariety,0,,,,5000,,
850,type4,Essentials,1,31,2013,"Jan,Apr,Jul,Oct",1120,5,2007
851,type4,LargeVariety,1,49,2014,"Mar,Jun,Sept,Dec",2330,,
852,type3,Essentials,1,14,2011,"Jan,Apr,Jul,Oct",940,4,2004
853,type1,Essentials,0,,,,14040,,
854,type3,Essentials,1,13,2010,"Jan,Apr,Jul,Oct",4770,,
855,type1,Essentials,1,45,2009,"Feb,May,Aug,Nov",3440,,
856,type1,Essentials,0,,,,3020,2,2010
857,type3,Essentials,1,23,2014,"Mar,Jun,Sept,Dec",6270,8,2005
858,type1,Essentials,1,40,2014,"Jan,Apr,Jul,Oct",3370,12,2008
859,type3,Essentials,0,,,,21770,7,2015
860,type3,LargeVariety,0,,,,5980,2,2010
861,type3,LargeVariety,1,14,2013,"Mar,Jun,Sept,Dec",740,,
862,type1,LargeVariety,1,14,2011,"Jan,Apr,Jul,Oct",2840,3,2010
863,type1,LargeVariety,0,,,,21370,11,2010
864,type1,Essentials,1,45,2009,"Feb,May,Aug,Nov",1020,10,2012
865,type4,LargeVariety,0,,,,2640,,
866,type4,Essentials,1,5,2013,"Feb,May,Aug,Nov",9680,,
867,type4,LargeVariety,0,,,,21810,9,2012
868,type4,LargeVariety,1,10,2014,"Jan,Apr,Jul,Oct",1360,8,2005
869,type3,Essentials,1,14,2011,"Jan,Apr,Jul,Oct",230,10,2001
870,type1,Essentials,0,,,,780,4,2009
871,type4,LargeVariety,0,,,,10620,,
872,type1,LargeVariety,1,23,2015,"Mar,Jun,Sept,Dec",3860,9,2014
873,type1,Essentials,0,,,,2040,11,2008
874,type1,Essentials,0,,,,3210,,
875,type4,Essentials,1,18,2015,"Feb,May,Aug,Nov",5070,11,2007
876,type1,Essentials,1,18,2015,"Feb,May,Aug,Nov",21790,4,2005
877,type1,LargeVariety,0,,,,29190,,
878,type4,LargeVariety,0,,,,1100,12,2014
879,type4,Essentials,1,5,2013,"Feb,May,Aug,Nov",,,
880,type1,LargeVariety,0,,,,4570,,
881,type1,Essentials,1,31,2013,"Feb,May,Aug,Nov",180,3,2008
882,type1,Essentials,0,,,,30,4,2013
883,type1,Essentials,0,,,,3200,6,2005
884,type4,LargeVariety,0,,,,7550,,
885,type1,Essentials,0,,,,480,12,2005
886,type1,LargeVariety,0,,,,12430,10,2004
887,type4,Essentials,1,37,2009,"Jan,Apr,Jul,Oct",19700,,
888,type4,Essentials,1,35,2012,"Mar,Jun,Sept,Dec",4450,6,2012
889,type4,Essentials,0,,,,18670,12,2005
890,type1,Essentials,1,14,2011,"Jan,Apr,Jul,Oct",4450,,
891,type1,LargeVariety,1,31,2013,"Feb,May,Aug,Nov",350,,
892,type1,Essentials,0,,,,19370,4,2002
893,type1,Essentials,1,1,2013,"Jan,Apr,Jul,Oct",130,,
894,type1,Essentials,0,,,,190,11,2012
895,type1,LargeVariety,0,,,,4150,,
896,type1,LargeVariety,0,,,,170,9,2012
897,type3,LargeVariety,1,5,2013,"Feb,May,Aug,Nov",3290,1,2007
898,type1,Essentials,0,,,,18540,,
899,type4,Essentials,1,13,2010,"Jan,Apr,Jul,Oct",2590,,
900,type1,Essentials,1,40,2014,"Jan,Apr,Jul,Oct",3920,4,2005
901,type1,LargeVariety,0,,,,3170,4,2014
902,type1,Essentials,1,40,2014,"Jan,Apr,Jul,Oct",310,5,2015
903,type4,LargeVariety,0,,,,7290,9,2014
904,type4,LargeVariety,1,14,2011,"Jan,Apr,Jul,Oct",570,7,2013
905,type1,Essentials,0,,,,90,6,2014
906,type1,Essentials,0,,,,90,7,2010
907,type1,LargeVariety,0,,,,250,,
908,type1,Essentials,1,37,2009,"Jan,Apr,Jul,Oct",1980,7,2010
909,type1,LargeVariety,1,45,2009,"Feb,May,Aug,Nov",1680,,
910,type4,LargeVariety,1,1,2013,"Jan,Apr,Jul,Oct",12480,,
911,type1,LargeVariety,0,,,,16490,,
912,type3,LargeVariety,0,,,,3100,5,2010
913,type1,Essentials,0,,,,280,,
914,type3,LargeVariety,1,22,2012,"Mar,Jun,Sept,Dec",2640,4,2011
915,type4,LargeVariety,1,40,2014,"Jan,Apr,Jul,Oct",650,3,2013
916,type1,Essentials,0,,,,90,11,2012
917,type1,Essentials,0,,,,7240,2,2010
918,type1,LargeVariety,0,,,,18710,4,2015
919,type1,Essentials,1,45,2009,"Feb,May,Aug,Nov",2620,,
920,type1,Essentials,1,40,2014,"Jan,Apr,Jul,Oct",850,2,2012
921,type1,Essentials,0,,,,840,9,2006
922,type4,Essentials,0,,,,2110,3,2006
923,type1,Essentials,0,,,,280,9,2008
924,type1,Essentials,1,1,2012,"Jan,Apr,Jul,Oct",6420,4,2011
925,type3,Essentials,1,1,2012,"Jan,Apr,Jul,Oct",470,3,2007
926,type4,LargeVariety,1,13,2010,"Jan,Apr,Jul,Oct",5150,3,2011
927,type1,Essentials,0,,,,480,,
928,type4,LargeVariety,1,31,2013,"Feb,May,Aug,Nov",1090,,
929,type1,LargeVariety,0,,,,4820,9,2013
930,type1,Essentials,0,,,,70,,
931,type1,LargeVariety,1,1,2012,"Jan,Apr,Jul,Oct",1480,9,2011
932,type1,Essentials,1,13,2010,"Jan,Apr,Jul,Oct",15700,,
933,type1,LargeVariety,0,,,,6270,2,2005
934,type1,LargeVariety,1,14,2011,"Jan,Apr,Jul,Oct",5460,,
935,type1,LargeVariety,0,,,,22350,6,2010
936,type1,Essentials,0,,,,580,2,2008
937,type4,Essentials,1,10,2014,"Jan,Apr,Jul,Oct",2810,,
938,type1,Essentials,0,,,,2820,9,2009
939,type4,Essentials,0,,,,1340,,
940,type4,LargeVariety,0,,,,6470,9,2012
941,type1,Essentials,1,31,2013,"Jan,Apr,Jul,Oct",1200,12,2011
942,type4,LargeVariety,1,18,2011,"Jan,Apr,Jul,Oct",6860,,
943,type4,LargeVariety,0,,,,18020,,
944,type3,Essentials,0,,,,1670,7,2015
945,type1,LargeVariety,0,,,,12480,3,2011
946,type1,Essentials,1,14,2015,"Jan,Apr,Jul,Oct",2220,12,2011
947,type1,Essentials,1,13,2010,"Jan,Apr,Jul,Oct",460,3,2014
948,type2,EssentialsPlus,0,,,,1430,,
949,type1,Essentials,0,,,,870,3,2006
950,type1,Essentials,0,,,,8460,11,1994
951,type4,LargeVariety,1,40,2011,"Jan,Apr,Jul,Oct",710,,
952,type4,LargeVariety,0,,,,6300,10,2013
953,type1,Essentials,1,22,2011,"Mar,Jun,Sept,Dec",19830,4,2006
954,type1,Essentials,1,10,2014,"Jan,Apr,Jul,Oct",390,2,2013
955,type4,LargeVariety,1,36,2013,"Mar,Jun,Sept,Dec",1690,7,2009
956,type1,Essentials,1,18,2011,"Feb,May,Aug,Nov",2330,10,2014
957,type4,LargeVariety,0,,,,1420,11,2012
958,type1,Essentials,0,,,,440,11,2013
959,type1,LargeVariety,0,,,,1060,12,2005
960,type4,Essentials,1,31,2009,"Feb,May,Aug,Nov",8990,,
961,type4,LargeVariety,0,,,,9430,,
962,type3,Essentials,0,,,,260,,
963,type1,LargeVariety,0,,,,23620,11,2013
964,type1,Essentials,1,5,2013,"Feb,May,Aug,Nov",270,,
965,type1,LargeVariety,0,,,,110,,
966,type1,Essentials,0,,,,760,2,2008
967,type1,LargeVariety,1,36,2013,"Jan,Apr,Jul,Oct",3560,9,2013
968,type3,Essentials,0,,,,1190,,
969,type1,LargeVariety,1,10,2013,"Jan,Apr,Jul,Oct",600,11,1999
970,type1,Essentials,1,37,2009,"Jan,Apr,Jul,Oct",910,12,2014
971,type3,Essentials,1,14,2012,"Mar,Jun,Sept,Dec",1140,5,2011
972,type1,Essentials,0,,,,14960,,
973,type4,LargeVariety,1,28,2012,"Jan,Apr,Jul,Oct",330,,
974,type1,Essentials,1,40,2014,"Jan,Apr,Jul,Oct",150,3,2011
975,type1,LargeVariety,1,14,2011,"Jan,Apr,Jul,Oct",9630,,
976,type1,Essentials,0,,,,4180,,
977,type1,Essentials,1,13,2010,"Jan,Apr,Jul,Oct",520,9,2005
978,type3,LargeVariety,0,,,,3890,,
979,type1,LargeVariety,1,14,2011,"Jan,Apr,Jul,Oct",2270,11,2005
980,type1,Essentials,0,,,,4420,9,2005
981,type4,LargeVariety,0,,,,2620,11,2002
982,type4,Essentials,0,,,,21930,,
983,type1,Essentials,1,1,2014,"Jan,Apr,Jul,Oct",40,3,2014
984,type3,Essentials,1,1,2013,"Jan,Apr,Jul,Oct",440,,
985,type3,LargeVariety,1,13,2010,"Jan,Apr,Jul,Oct",490,5,2007
986,type1,Essentials,1,18,2014,"Feb,May,Aug,Nov",620,10,2014
987,type3,Essentials,0,,,,1690,6,2007
988,type1,Essentials,0,,,,30,11,2012
989,type1,Essentials,1,40,2011,"Jan,Apr,Jul,Oct",1640,6,2006
990,type4,Essentials,0,,,,20930,,
991,type1,Essentials,0,,,,1010,,
992,type1,Essentials,0,,,,2480,7,1990
993,type4,LargeVariety,1,10,2014,"Jan,Apr,Jul,Oct",3460,10,2013
994,type1,Essentials,1,1,2012,"Jan,Apr,Jul,Oct",2290,7,2011
995,type4,Essentials,0,,,,6560,12,2013
996,type3,Essentials,1,13,2010,"Jan,Apr,Jul,Oct",2870,7,2015
997,type4,LargeVariety,1,37,2009,"Jan,Apr,Jul,Oct",5840,7,2010
998,type1,Essentials,1,5,2013,"Feb,May,Aug,Nov",780,9,2005
999,type4,LargeVariety,1,37,2009,"Jan,Apr,Jul,Oct",15140,2,2002
1000,type1,LargeVariety,1,40,2014,"Jan,Apr,Jul,Oct",2230,5,2009
1001,type3,Essentials,1,14,2011,"Jan,Apr,Jul,Oct",19640,,
1002,type4,LargeVariety,0,,,,1130,11,2008
1003,type1,Essentials,1,27,2013,"Jan,Apr,Jul,Oct",170,7,2013
1004,type4,LargeVariety,1,9,2011,"Mar,Jun,Sept,Dec",970,,
1005,type1,Essentials,0,,,,6480,,
1006,type3,LargeVariety,1,5,2013,"Feb,May,Aug,Nov",3890,11,2006
1007,type3,LargeVariety,0,,,,4180,9,2012
1008,type1,LargeVariety,0,,,,30,9,2010
1009,type1,Essentials,1,10,2014,"Jan,Apr,Jul,Oct",230,7,2004
1010,type4,LargeVariety,1,18,2010,"Feb,May,Aug,Nov",4610,6,2010
1011,type1,LargeVariety,1,18,2011,"Feb,May,Aug,Nov",490,9,2012
1012,type4,LargeVariety,1,39,2010,"Jan,Apr,Jul,Oct",6330,6,2004
1013,type1,Essentials,1,31,2013,"Feb,May,Aug,Nov",630,2,2015
1014,type1,LargeVariety,1,31,2013,"Jan,Apr,Jul,Oct",210,,
1015,type4,LargeVariety,1,9,2011,"Mar,Jun,Sept,Dec",9910,12,2010
1016,type3,LargeVariety,1,35,2010,"Mar,Jun,Sept,Dec",550,,
1017,type3,Essentials,0,,,,110,11,2008
1018,type3,LargeVariety,0,,,,140,9,2012
1019,type4,LargeVariety,1,13,2010,"Jan,Apr,Jul,Oct",2740,7,2014
1020,type1,Essentials,0,,,,40,8,2015
1021,type1,Essentials,0,,,,1080,5,2011
1022,type1,LargeVariety,0,,,,1520,,
1023,type3,Essentials,1,14,2011,"Jan,Apr,Jul,Oct",3740,2,2002
1024,type3,LargeVariety,0,,,,1990,1,2012
1025,type1,Essentials,0,,,,720,11,2009
1026,type3,Essentials,1,48,2012,"Mar,Jun,Sept,Dec",450,6,2011
1027,type1,LargeVariety,1,40,2011,"Jan,Apr,Jul,Oct",190,6,2008
1028,type1,Essentials,1,31,2013,"Jan,Apr,Jul,Oct",150,,
1029,type1,Essentials,0,,,,1590,3,2006
1030,type1,Essentials,0,,,,36410,4,2008
1031,type4,Essentials,0,,,,590,5,2001
1032,type4,LargeVariety,1,40,2012,"Jan,Apr,Jul,Oct",270,2,2013
1033,type1,Essentials,0,,,,7680,3,2006
1034,type1,Essentials,0,,,,13750,4,2015
1035,type1,Essentials,0,,,,27150,,
1036,type4,LargeVariety,1,36,2013,"Jan,Apr,Jul,Oct",9560,,
1037,type1,LargeVariety,0,,,,150,,
1038,type4,Essentials,0,,,,17290,10,2013
1039,type1,LargeVariety,1,22,2012,"Mar,Jun,Sept,Dec",70,6,1990
1040,type1,Essentials,1,10,2014,"Jan,Apr,Jul,Oct",4030,2,2013
1041,type3,Essentials,1,40,2014,"Jan,Apr,Jul,Oct",1600,8,2013
1042,type1,Essentials,1,31,2013,"Feb,May,Aug,Nov",3440,,
1043,type3,Essentials,0,,,,420,3,2006
1044,type3,Essentials,1,13,2010,"Jan,Apr,Jul,Oct",240,4,2015
1045,type1,LargeVariety,0,,,,26990,12,2013
1046,type4,LargeVariety,0,,,,29070,4,2005
1047,type1,Essentials,1,45,2009,"Feb,May,Aug,Nov",3750,,
1048,type4,LargeVariety,1,40,2012,"Jan,Apr,Jul,Oct",1860,9,2012
1049,type1,Essentials,1,14,2011,"Jan,Apr,Jul,Oct",370,7,2012
1050,type4,LargeVariety,1,9,2011,"Mar,Jun,Sept,Dec",13170,8,2014
1051,type3,Essentials,1,1,2012,"Jan,Apr,Jul,Oct",200,7,1998
1052,type1,LargeVariety,1,31,2013,"Feb,May,Aug,Nov",5080,,
1053,type1,Essentials,0,,,,1710,7,2015
1054,type1,LargeVariety,1,45,2013,"Feb,May,Aug,Nov",13190,,
1055,type3,Essentials,0,,,,1980,4,2009
1056,type4,LargeVariety,1,40,2012,"Jan,Apr,Jul,Oct",5350,,
1057,type4,LargeVariety,0,,,,3230,11,2011
1058,type1,LargeVariety,1,35,2010,"Mar,Jun,Sept,Dec",180,,
1059,type3,Essentials,0,,,,3380,4,2013
1060,type1,LargeVariety,1,31,2013,"Feb,May,Aug,Nov",3430,,
1061,type4,LargeVariety,0,,,,8110,,
1062,type4,Essentials,1,40,2012,"Feb,May,Aug,Nov",190,9,2012
1063,type1,LargeVariety,0,,,,6250,,
1064,type1,LargeVariety,0,,,,420,,
1065,type1,Essentials,1,35,2011,"Mar,Jun,Sept,Dec",1290,,
1066,type1,Essentials,0,,,,3350,,
1067,type4,LargeVariety,0,,,,12020,7,2009
1068,type4,LargeVariety,1,5,2013,"Jan,Apr,Jul,Oct",5010,,
1069,type1,LargeVariety,1,14,2011,"Jan,Apr,Jul,Oct",18050,,
1070,type3,LargeVariety,0,,,,400,10,2008
1071,type1,Essentials,1,35,2012,"Mar,Jun,Sept,Dec",820,3,2012
1072,type1,LargeVariety,1,5,2010,"Feb,May,Aug,Nov",5380,8,2015
1073,type1,LargeVariety,1,44,2012,"Jan,Apr,Jul,Oct",1710,,
1074,type3,LargeVariety,1,14,2011,"Jan,Apr,Jul,Oct",3330,10,2001
1075,type1,LargeVariety,0,,,,1410,10,2013
1076,type1,LargeVariety,1,1,2013,"Jan,Apr,Jul,Oct",90,,
1077,type1,Essentials,1,35,2010,"Mar,Jun,Sept,Dec",3750,11,2001
1078,type4,LargeVariety,1,40,2011,"Jan,Apr,Jul,Oct",670,,
1079,type1,Essentials,1,37,2009,"Jan,Apr,Jul,Oct",16680,,
1080,type1,Essentials,1,40,2014,"Jan,Apr,Jul,Oct",2410,,
1081,type2,Essentials,0,,,,400,3,2006
1082,type3,Essentials,0,,,,440,4,2002
1083,type4,LargeVariety,1,5,2013,"Feb,May,Aug,Nov",11540,,
1084,type1,Essentials,1,13,2010,"Jan,Apr,Jul,Oct",190,,
1085,type3,Essentials,0,,,,4030,2,2015
1086,type1,Essentials,1,18,2011,"Feb,May,Aug,Nov",180,11,2013
1087,type4,LargeVariety,0,,,,2210,11,2011
1088,type1,Essentials,1,27,2013,"Jan,Apr,Jul,Oct",4300,3,2009
1089,type4,Essentials,0,,,,5220,5,2009
1090,type1,Essentials,1,14,2011,"Jan,Apr,Jul,Oct",330,,
1091,type1,LargeVariety,0,,,,9990,,
1092,type1,Essentials,1,40,2014,"Jan,Apr,Jul,Oct",300,7,2000
1093,type3,LargeVariety,0,,,,10450,6,2009
1094,type4,Essentials,1,40,2014,"Jan,Apr,Jul,Oct",2380,3,2013
1095,type1,Essentials,1,14,2011,"Jan,Apr,Jul,Oct",690,6,2007
1096,type1,LargeVariety,1,10,2014,"Mar,Jun,Sept,Dec",1130,,
1097,type2,EssentialsPlus,0,,,,720,3,2002
1098,type1,Essentials,0,,,,1830,11,2004
1099,type1,LargeVariety,1,14,2013,"Jan,Apr,Jul,Oct",200,4,2013
1100,type1,Essentials,1,14,2011,"Jan,Apr,Jul,Oct",540,,
1101,type4,LargeVariety,0,,,,4060,9,2012
1102,type1,Essentials,1,40,2014,"Jan,Apr,Jul,Oct",850,11,2012
1103,type4,LargeVariety,1,5,2013,"Feb,May,Aug,Nov",1340,10,2006
1104,type4,Essentials,1,14,2011,"Jan,Apr,Jul,Oct",260,2,2012
1105,type3,LargeVariety,1,5,2013,"Feb,May,Aug,Nov",330,11,2008
1106,type1,LargeVariety,1,31,2013,"Jan,Apr,Jul,Oct",5330,9,2011
1107,type1,Essentials,1,13,2010,"Jan,Apr,Jul,Oct",1400,6,2012
1108,type1,Essentials,0,,,,540,4,2004
1109,type3,Essentials,1,22,2012,"Jan,Apr,Jul,Oct",3490,4,2011
1110,type3,LargeVariety,0,,,,900,9,2010
1111,type1,Essentials,1,31,2013,"Jan,Apr,Jul,Oct",1900,6,2014
1112,type3,LargeVariety,0,,,,1880,4,2006
1113,type1,LargeVariety,0,,,,9260,,
1114,type1,LargeVariety,0,,,,870,,
1115,type4,LargeVariety,1,22,2012,"Mar,Jun,Sept,Dec",5350,,
